<?xml version="1.0" encoding="utf-8"?>
<resources>
    <style name="Base.TextAppearance.AppCompat.Widget.ActionBar.Menu" parent="android:TextAppearance.Material.Widget.ActionBar.Menu"/>
    <style name="Base.TextAppearance.AppCompat.Widget.Button.Inverse" parent="android:TextAppearance.Material.Widget.Button.Inverse"/>
    <style name="Base.Theme.AppCompat" parent="Base.V23.Theme.AppCompat"/>
    <style name="Base.Theme.AppCompat.Light" parent="Base.V23.Theme.AppCompat.Light"/>
    <style name="Base.V23.Theme.AppCompat" parent="Base.V22.Theme.AppCompat">
        <!-- We can use the platform styles on API 23+ -->
        <item name="ratingBarStyleIndicator">?android:attr/ratingBarStyleIndicator</item>
        <item name="ratingBarStyleSmall">?android:attr/ratingBarStyleSmall</item>

        <!-- We can use the platform drawable on v23+ -->
        <item name="actionBarItemBackground">?android:attr/actionBarItemBackground</item>
        <!-- We can use the platform styles on v23+ -->
        <item name="actionMenuTextColor">?android:attr/actionMenuTextColor</item>
        <item name="actionMenuTextAppearance">?android:attr/actionMenuTextAppearance</item>
        <item name="actionOverflowButtonStyle">?android:attr/actionOverflowButtonStyle</item>

        <item name="controlBackground">@drawable/abc_control_background_material</item>
    </style>
    <style name="Base.V23.Theme.AppCompat.Light" parent="Base.V22.Theme.AppCompat.Light">
        <!-- We can use the platform styles on API 23+ -->
        <item name="ratingBarStyleIndicator">?android:attr/ratingBarStyleIndicator</item>
        <item name="ratingBarStyleSmall">?android:attr/ratingBarStyleSmall</item>

        <!-- We can use the platform drawable on v23+ -->
        <item name="actionBarItemBackground">?android:attr/actionBarItemBackground</item>
        <!-- We can use the platform styles on v23+ -->
        <item name="actionMenuTextColor">?android:attr/actionMenuTextColor</item>
        <item name="actionMenuTextAppearance">?android:attr/actionMenuTextAppearance</item>
        <item name="actionOverflowButtonStyle">?android:attr/actionOverflowButtonStyle</item>

        <item name="controlBackground">@drawable/abc_control_background_material</item>
    </style>
    <style name="Base.Widget.AppCompat.ActionButton.Overflow" parent="android:Widget.Material.ActionButton.Overflow"/>
    <style name="Base.Widget.AppCompat.Button.Borderless.Colored" parent="android:Widget.Material.Button.Borderless.Colored"/>
    <style name="Base.Widget.AppCompat.Button.Colored" parent="android:Widget.Material.Button.Colored"/>
    <style name="Base.Widget.AppCompat.EditText" parent="android:Widget.Material.EditText">
        <item name="android:hyphenationFrequency">none</item>
        <item name="android:breakStrategy">simple</item>
    </style>
    <style name="Base.Widget.AppCompat.RatingBar.Indicator" parent="android:Widget.Material.RatingBar.Indicator"/>
    <style name="Base.Widget.AppCompat.RatingBar.Small" parent="android:Widget.Material.RatingBar.Small"/>
    <style name="Base.Widget.AppCompat.Spinner.Underlined" parent="android:Widget.Material.Spinner.Underlined"/>
    <style name="Base.Widget.AppCompat.TextView" parent="android:Widget.Material.TextView">
        <item name="android:hyphenationFrequency">none</item>
        <item name="android:breakStrategy">high_quality</item>
    </style>
    <style name="CardView" parent="Base.CardView">
        <item name="cardBackgroundColor">?android:attr/colorBackgroundFloating</item>
    </style>
    <style name="Widget.MaterialComponents.PopupMenu.ContextMenu" parent="Base.Widget.MaterialComponents.PopupMenu.ContextMenu">
    <item name="android:popupBackground">?attr/popupMenuBackground</item>
    <item name="android:popupElevation">8dp</item>
  </style>
    <style name="Widget.MaterialComponents.PopupMenu.ListPopupWindow" parent="Base.Widget.MaterialComponents.PopupMenu.ListPopupWindow">
    <item name="android:popupBackground">?attr/popupMenuBackground</item>
    <item name="android:popupElevation">8dp</item>
  </style>
</resources>